timestamp,commit,branch,benchmark,ns_per_op
2026-06-01T21:37:09Z,676b8d5,main,getpid,321
2026-06-01T21:37:09Z,676b8d5,main,getuid,322
2026-06-01T21:37:09Z,676b8d5,main,is_root,328
2026-06-01T21:37:09Z,676b8d5,main,classify_signal,3
2026-06-01T21:37:09Z,676b8d5,main,is_handled_signal,9
2026-06-01T21:37:09Z,676b8d5,main,sigset_new+add+has,24
2026-06-01T21:37:09Z,676b8d5,main,epoll_event_new,16
2026-06-01T21:37:09Z,676b8d5,main,timerspec_new,24
2026-06-01T21:37:09Z,676b8d5,main,W* macros (4 calls),11
2026-06-01T21:37:09Z,676b8d5,main,knotify_classify(READY),18
2026-06-01T21:37:09Z,676b8d5,main,knotify_classify+value,57
2026-06-01T21:37:09Z,676b8d5,main,cgroup_path,3
2026-06-01T21:37:09Z,676b8d5,main,cgroup_file (best case, same pair),4
2026-06-01T21:37:09Z,676b8d5,main,cgroup_file (5-file burst, per call),111
2026-06-01T21:37:09Z,676b8d5,main,is_mounted(/proc),56
2026-06-01T21:37:09Z,676b8d5,main,seccomp_build(5 syscalls),476
2026-06-01T21:37:09Z,676b8d5,main,seccomp_basic_service+build,2484
2026-06-01T21:37:09Z,676b8d5,main,sandbox_basic_service,326
2026-06-01T21:37:09Z,676b8d5,main,str_builder(3 segments),387
2026-06-01T21:37:09Z,676b8d5,main,str_builder(cstr+int mix),346
2026-06-01T21:37:09Z,676b8d5,main,Ok+is_ok,19
2026-06-01T21:37:09Z,676b8d5,main,Err+is_err_result,17
2026-06-01T21:37:09Z,676b8d5,main,Some+is_some+unwrap,30
2026-06-01T21:37:09Z,676b8d5,main,vec(push*3+get*2+len),152
2026-06-01T21:37:09Z,676b8d5,main,mount_table_init,31
2026-06-01T21:37:09Z,676b8d5,main,owned_fd_new+raw,15
2026-06-01T21:37:09Z,676b8d5,main,memeq (2 calls),23
2026-06-01T21:37:09Z,676b8d5,main,strlen(52 chars),41
2026-06-01T21:37:09Z,676b8d5,main,memcpy(128 bytes),223
2026-06-01T21:37:09Z,676b8d5,main,memset(128 bytes),195
2026-06-01T21:37:09Z,676b8d5,main,epoll(new+add+close),8061
2026-06-01T21:37:09Z,676b8d5,main,epoll_wait(timeout=0),496
2026-06-01T21:37:09Z,676b8d5,main,event_token+flags,5
2026-06-01T21:37:09Z,676b8d5,main,timer_new+close,4376
2026-06-01T21:37:09Z,676b8d5,main,klog_sim(3 writes),1125
2026-06-01T21:37:09Z,676b8d5,main,klog2_sim(4 writes),1536
2026-06-01T21:37:09Z,676b8d5,main,notify_status_value(2),28
2026-06-01T21:37:09Z,676b8d5,main,seccomp_from_profile,261
2026-06-01T21:37:09Z,676b8d5,main,sandbox(new+3 rules+count),224
2026-06-01T21:37:09Z,676b8d5,main,sandbox_from_ruleset(2 rules),3083
2026-06-01T21:37:09Z,676b8d5,main,set_no_new_privs,442
2026-06-01T21:37:09Z,676b8d5,main,drop_caps(non-root err),337
2026-06-01T21:37:09Z,676b8d5,main,secure_pre_exec(non-root),371
2026-06-01T21:37:09Z,676b8d5,main,hashmap(3 set+4 get/has),1330
2026-06-01T21:37:09Z,676b8d5,main,alloc(4 sizes burst),30
2026-06-01T21:37:09Z,676b8d5,main,alloc(3)+reset+init,1198
2026-06-01T21:37:09Z,676b8d5,main,security_context(new+4 get),217
2026-06-01T21:37:09Z,676b8d5,main,agent_config(new+get+set),218
2026-06-01T21:37:09Z,676b8d5,main,cgroup_limits(new+2set+2get),74
2026-06-01T21:37:09Z,676b8d5,main,resource_limits(new+3get),43
2026-06-01T21:37:09Z,676b8d5,main,capability_set(new+3push),633
2026-06-01T21:52:29Z,f915043,main,getpid,308
2026-06-01T21:52:29Z,f915043,main,getuid,316
2026-06-01T21:52:29Z,f915043,main,is_root,327
2026-06-01T21:52:29Z,f915043,main,classify_signal,3
2026-06-01T21:52:29Z,f915043,main,is_handled_signal,9
2026-06-01T21:52:29Z,f915043,main,sigset_new+add+has,25
2026-06-01T21:52:29Z,f915043,main,epoll_event_new,16
2026-06-01T21:52:29Z,f915043,main,timerspec_new,24
2026-06-01T21:52:29Z,f915043,main,W* macros (4 calls),12
2026-06-01T21:52:29Z,f915043,main,knotify_classify(READY),18
2026-06-01T21:52:29Z,f915043,main,knotify_classify+value,57
2026-06-01T21:52:29Z,f915043,main,cgroup_path,3
2026-06-01T21:52:29Z,f915043,main,cgroup_file (best case, same pair),4
2026-06-01T21:52:29Z,f915043,main,cgroup_file (5-file burst, per call),118
2026-06-01T21:52:29Z,f915043,main,is_mounted(/proc),52
2026-06-01T21:52:29Z,f915043,main,seccomp_build(5 syscalls),486
2026-06-01T21:52:29Z,f915043,main,seccomp_basic_service+build,2437
2026-06-01T21:52:29Z,f915043,main,sandbox_basic_service,332
2026-06-01T21:52:29Z,f915043,main,str_builder(3 segments),371
2026-06-01T21:52:29Z,f915043,main,str_builder(cstr+int mix),358
2026-06-01T21:52:29Z,f915043,main,Ok+is_ok,17
2026-06-01T21:52:29Z,f915043,main,Err+is_err_result,17
2026-06-01T21:52:29Z,f915043,main,Some+is_some+unwrap,30
2026-06-01T21:52:29Z,f915043,main,vec(push*3+get*2+len),159
2026-06-01T21:52:29Z,f915043,main,mount_table_init,31
2026-06-01T21:52:29Z,f915043,main,owned_fd_new+raw,14
2026-06-01T21:52:29Z,f915043,main,memeq (2 calls),23
2026-06-01T21:52:29Z,f915043,main,strlen(52 chars),29
2026-06-01T21:52:29Z,f915043,main,memcpy(128 bytes),227
2026-06-01T21:52:29Z,f915043,main,memset(128 bytes),192
2026-06-01T21:52:29Z,f915043,main,epoll(new+add+close),7926
2026-06-01T21:52:29Z,f915043,main,epoll_wait(timeout=0),484
2026-06-01T21:52:29Z,f915043,main,event_token+flags,5
2026-06-01T21:52:29Z,f915043,main,timer_new+close,4354
2026-06-01T21:52:29Z,f915043,main,klog_sim(3 writes),1089
2026-06-01T21:52:29Z,f915043,main,klog2_sim(4 writes),1482
2026-06-01T21:52:29Z,f915043,main,notify_status_value(2),25
2026-06-01T21:52:29Z,f915043,main,seccomp_from_profile,283
2026-06-01T21:52:29Z,f915043,main,sandbox(new+3 rules+count),231
2026-06-01T21:52:29Z,f915043,main,sandbox_from_ruleset(2 rules),3133
2026-06-01T21:52:29Z,f915043,main,set_no_new_privs,440
2026-06-01T21:52:29Z,f915043,main,drop_caps(non-root err),342
2026-06-01T21:52:29Z,f915043,main,secure_pre_exec(non-root),344
2026-06-01T21:52:29Z,f915043,main,hashmap(3 set+4 get/has),1234
2026-06-01T21:52:29Z,f915043,main,alloc(4 sizes burst),23
2026-06-01T21:52:29Z,f915043,main,alloc(3)+reset+init,1204
2026-06-01T21:52:29Z,f915043,main,security_context(new+4 get),221
2026-06-01T21:52:29Z,f915043,main,agent_config(new+get+set),228
2026-06-01T21:52:29Z,f915043,main,cgroup_limits(new+2set+2get),73
2026-06-01T21:52:29Z,f915043,main,resource_limits(new+3get),38
2026-06-01T21:52:29Z,f915043,main,capability_set(new+3push),600
2026-06-03T23:58:15Z,1642373,main,getpid,288
2026-06-03T23:58:15Z,1642373,main,getuid,278
2026-06-03T23:58:15Z,1642373,main,is_root,303
2026-06-03T23:58:15Z,1642373,main,classify_signal,3
2026-06-03T23:58:15Z,1642373,main,is_handled_signal,8
2026-06-03T23:58:15Z,1642373,main,sigset_new+add+has,23
2026-06-03T23:58:15Z,1642373,main,epoll_event_new,15
2026-06-03T23:58:15Z,1642373,main,timerspec_new,22
2026-06-03T23:58:15Z,1642373,main,W* macros (4 calls),10
2026-06-03T23:58:15Z,1642373,main,knotify_classify(READY),18
2026-06-03T23:58:15Z,1642373,main,knotify_classify+value,53
2026-06-03T23:58:15Z,1642373,main,cgroup_path,3
2026-06-03T23:58:15Z,1642373,main,cgroup_file (best case, same pair),3
2026-06-03T23:58:15Z,1642373,main,cgroup_file (5-file burst, per call),108
2026-06-03T23:58:15Z,1642373,main,is_mounted(/proc),54
2026-06-03T23:58:15Z,1642373,main,seccomp_build(5 syscalls),446
2026-06-03T23:58:15Z,1642373,main,seccomp_basic_service+build,2297
2026-06-03T23:58:15Z,1642373,main,sandbox_basic_service,312
2026-06-03T23:58:15Z,1642373,main,str_builder(3 segments),353
2026-06-03T23:58:15Z,1642373,main,str_builder(cstr+int mix),333
2026-06-03T23:58:15Z,1642373,main,Ok+is_ok,16
2026-06-03T23:58:15Z,1642373,main,Err+is_err_result,16
2026-06-03T23:58:15Z,1642373,main,Some+is_some+unwrap,27
2026-06-03T23:58:15Z,1642373,main,vec(push*3+get*2+len),140
2026-06-03T23:58:15Z,1642373,main,mount_table_init,30
2026-06-03T23:58:15Z,1642373,main,owned_fd_new+raw,13
2026-06-03T23:58:15Z,1642373,main,memeq (2 calls),21
2026-06-03T23:58:15Z,1642373,main,strlen(52 chars),38
2026-06-03T23:58:15Z,1642373,main,memcpy(128 bytes),216
2026-06-03T23:58:15Z,1642373,main,memset(128 bytes),185
2026-06-03T23:58:15Z,1642373,main,epoll(new+add+close),7785
2026-06-03T23:58:15Z,1642373,main,epoll_wait(timeout=0),464
2026-06-03T23:58:15Z,1642373,main,event_token+flags,5
2026-06-03T23:58:15Z,1642373,main,timer_new+close,4501
2026-06-03T23:58:15Z,1642373,main,klog_sim(3 writes),989
2026-06-03T23:58:15Z,1642373,main,klog2_sim(4 writes),1331
2026-06-03T23:58:15Z,1642373,main,notify_status_value(2),22
2026-06-03T23:58:15Z,1642373,main,seccomp_from_profile,243
2026-06-03T23:58:15Z,1642373,main,sandbox(new+3 rules+count),216
2026-06-03T23:58:15Z,1642373,main,sandbox_from_ruleset(2 rules),3203
2026-06-03T23:58:15Z,1642373,main,set_no_new_privs,408
2026-06-03T23:58:15Z,1642373,main,drop_caps(non-root err),310
2026-06-03T23:58:15Z,1642373,main,secure_pre_exec(non-root),327
2026-06-03T23:58:15Z,1642373,main,hashmap(3 set+4 get/has),1188
2026-06-03T23:58:15Z,1642373,main,alloc(4 sizes burst),23
2026-06-03T23:58:15Z,1642373,main,alloc(3)+reset+init,1142
2026-06-03T23:58:15Z,1642373,main,security_context(new+4 get),193
2026-06-03T23:58:15Z,1642373,main,agent_config(new+get+set),205
2026-06-03T23:58:15Z,1642373,main,cgroup_limits(new+2set+2get),69
2026-06-03T23:58:15Z,1642373,main,resource_limits(new+3get),35
2026-06-03T23:58:15Z,1642373,main,capability_set(new+3push),530
2026-06-16T02:56:44Z,a4c42f9,main,getpid,300
2026-06-16T02:56:44Z,a4c42f9,main,getuid,297
2026-06-16T02:56:44Z,a4c42f9,main,is_root,307
2026-06-16T02:56:44Z,a4c42f9,main,classify_signal,3
2026-06-16T02:56:44Z,a4c42f9,main,is_handled_signal,8
2026-06-16T02:56:44Z,a4c42f9,main,sigset_new+add+has,66
2026-06-16T02:56:44Z,a4c42f9,main,epoll_event_new,60
2026-06-16T02:56:44Z,a4c42f9,main,timerspec_new,66
2026-06-16T02:56:44Z,a4c42f9,main,W* macros (4 calls),11
2026-06-16T02:56:44Z,a4c42f9,main,knotify_classify(READY),17
2026-06-16T02:56:44Z,a4c42f9,main,knotify_classify+value,53
2026-06-16T02:56:44Z,a4c42f9,main,cgroup_path,4
2026-06-16T02:56:44Z,a4c42f9,main,cgroup_file (best case, same pair),3
2026-06-16T02:56:44Z,a4c42f9,main,cgroup_file (5-file burst, per call),112
2026-06-16T02:56:44Z,a4c42f9,main,is_mounted(/proc),46
2026-06-16T02:56:44Z,a4c42f9,main,seccomp_build(5 syscalls),736
2026-06-16T02:56:44Z,a4c42f9,main,seccomp_basic_service+build,2485
2026-06-16T02:56:44Z,a4c42f9,main,sandbox_basic_service,776
2026-06-16T02:56:44Z,a4c42f9,main,str_builder(3 segments),548
2026-06-16T02:56:44Z,a4c42f9,main,str_builder(cstr+int mix),495
2026-06-16T02:56:44Z,a4c42f9,main,Ok+is_ok,69
2026-06-16T02:56:44Z,a4c42f9,main,Err+is_err_result,72
2026-06-16T02:56:44Z,a4c42f9,main,Some+is_some+unwrap,77
2026-06-16T02:56:44Z,a4c42f9,main,vec(push*3+get*2+len),209
2026-06-16T02:56:44Z,a4c42f9,main,mount_table_init,30
2026-06-16T02:56:44Z,a4c42f9,main,owned_fd_new+raw,64
2026-06-16T02:56:44Z,a4c42f9,main,memeq (2 calls),22
2026-06-16T02:56:44Z,a4c42f9,main,strlen(52 chars),27
2026-06-16T02:56:44Z,a4c42f9,main,memcpy(128 bytes),214
2026-06-16T02:56:44Z,a4c42f9,main,memset(128 bytes),185
2026-06-16T02:56:44Z,a4c42f9,main,epoll(new+add+close),7850
2026-06-16T02:56:44Z,a4c42f9,main,epoll_wait(timeout=0),533
2026-06-16T02:56:44Z,a4c42f9,main,event_token+flags,5
2026-06-16T02:56:44Z,a4c42f9,main,timer_new+close,4291
2026-06-16T02:56:44Z,a4c42f9,main,klog_sim(3 writes),1014
2026-06-16T02:56:44Z,a4c42f9,main,klog2_sim(4 writes),1338
2026-06-16T02:56:44Z,a4c42f9,main,notify_status_value(2),24
2026-06-16T02:56:44Z,a4c42f9,main,seccomp_from_profile,345
2026-06-16T02:56:44Z,a4c42f9,main,sandbox(new+3 rules+count),501
2026-06-16T02:56:44Z,a4c42f9,main,sandbox_from_ruleset(2 rules),3074
2026-06-16T02:56:44Z,a4c42f9,main,set_no_new_privs,470
2026-06-16T02:56:44Z,a4c42f9,main,drop_caps(non-root err),357
2026-06-16T02:56:44Z,a4c42f9,main,secure_pre_exec(non-root),374
2026-06-16T02:56:44Z,a4c42f9,main,hashmap(3 set+4 get/has),1047
2026-06-16T02:56:44Z,a4c42f9,main,alloc(4 sizes burst),213
2026-06-16T02:56:44Z,a4c42f9,main,alloc(3)+reset+init,202
2026-06-16T02:56:44Z,a4c42f9,main,security_context(new+4 get),394
2026-06-16T02:56:44Z,a4c42f9,main,agent_config(new+get+set),444
2026-06-16T02:56:44Z,a4c42f9,main,cgroup_limits(new+2set+2get),117
2026-06-16T02:56:44Z,a4c42f9,main,resource_limits(new+3get),76
2026-06-16T02:56:44Z,a4c42f9,main,capability_set(new+3push),1019
2026-07-13T22:37:50Z,f5659a2,main,getpid,284
2026-07-13T22:37:50Z,f5659a2,main,getuid,275
2026-07-13T22:37:50Z,f5659a2,main,is_root,301
2026-07-13T22:37:50Z,f5659a2,main,classify_signal,3
2026-07-13T22:37:50Z,f5659a2,main,is_handled_signal,8
2026-07-13T22:37:50Z,f5659a2,main,sigset_new+add+has,26
2026-07-13T22:37:50Z,f5659a2,main,epoll_event_new,18
2026-07-13T22:37:50Z,f5659a2,main,timerspec_new,27
2026-07-13T22:37:50Z,f5659a2,main,W* macros (4 calls),11
2026-07-13T22:37:50Z,f5659a2,main,knotify_classify(READY),16
2026-07-13T22:37:50Z,f5659a2,main,knotify_classify+value,52
2026-07-13T22:37:50Z,f5659a2,main,cgroup_path,3
2026-07-13T22:37:50Z,f5659a2,main,cgroup_file (best case, same pair),14
2026-07-13T22:37:50Z,f5659a2,main,cgroup_file (5-file burst, per call),108
2026-07-13T22:37:50Z,f5659a2,main,is_mounted(/proc),51
2026-07-13T22:37:50Z,f5659a2,main,seccomp_build(5 syscalls),353
2026-07-13T22:37:50Z,f5659a2,main,seccomp_basic_service+build,1764
2026-07-13T22:37:50Z,f5659a2,main,sandbox_basic_service,224
2026-07-13T22:37:50Z,f5659a2,main,str_builder(3 segments),303
2026-07-13T22:37:50Z,f5659a2,main,str_builder(cstr+int mix),292
2026-07-13T22:37:50Z,f5659a2,main,Ok+is_ok,14
2026-07-13T22:37:50Z,f5659a2,main,Err+is_err_result,14
2026-07-13T22:37:50Z,f5659a2,main,Some+is_some+unwrap,26
2026-07-13T22:37:50Z,f5659a2,main,vec(push*3+get*2+len),85
2026-07-13T22:37:50Z,f5659a2,main,mount_table_init,30
2026-07-13T22:37:50Z,f5659a2,main,owned_fd_new+raw,13
2026-07-13T22:37:50Z,f5659a2,main,memeq (2 calls),21
2026-07-13T22:37:50Z,f5659a2,main,strlen(52 chars),25
2026-07-13T22:37:50Z,f5659a2,main,memcpy(128 bytes),208
2026-07-13T22:37:50Z,f5659a2,main,memset(128 bytes),182
2026-07-13T22:37:50Z,f5659a2,main,epoll(new+add+close),7774
2026-07-13T22:37:50Z,f5659a2,main,epoll_wait(timeout=0),378
2026-07-13T22:37:50Z,f5659a2,main,event_token+flags,5
2026-07-13T22:37:50Z,f5659a2,main,timer_new+close,4515
2026-07-13T22:37:50Z,f5659a2,main,klog_sim(3 writes),1049
2026-07-13T22:37:50Z,f5659a2,main,klog2_sim(4 writes),1340
2026-07-13T22:37:50Z,f5659a2,main,notify_status_value(2),22
2026-07-13T22:37:50Z,f5659a2,main,seccomp_from_profile,184
2026-07-13T22:37:50Z,f5659a2,main,sandbox(new+3 rules+count),145
2026-07-13T22:37:50Z,f5659a2,main,sandbox_from_ruleset(2 rules),3178
2026-07-13T22:37:50Z,f5659a2,main,set_no_new_privs,415
2026-07-13T22:37:50Z,f5659a2,main,drop_caps(non-root err),311
2026-07-13T22:37:50Z,f5659a2,main,secure_pre_exec(non-root),321
2026-07-13T22:37:50Z,f5659a2,main,hashmap(3 set+4 get/has),965
2026-07-13T22:37:50Z,f5659a2,main,alloc(4 sizes burst),38
2026-07-13T22:37:50Z,f5659a2,main,alloc(3)+reset+init,554
2026-07-13T22:37:50Z,f5659a2,main,security_context(new+4 get),94
2026-07-13T22:37:50Z,f5659a2,main,agent_config(new+get+set),114
2026-07-13T22:37:50Z,f5659a2,main,cgroup_limits(new+2set+2get),39
2026-07-13T22:37:50Z,f5659a2,main,resource_limits(new+3get),24
2026-07-13T22:37:50Z,f5659a2,main,capability_set(new+3push),281
2026-08-24T17:47:40Z,9fea759,main,getpid,285
2026-08-24T17:47:40Z,9fea759,main,getuid,284
2026-08-24T17:47:40Z,9fea759,main,is_root,294
2026-08-24T17:47:40Z,9fea759,main,classify_signal,3
2026-08-24T17:47:40Z,9fea759,main,is_handled_signal,8
2026-08-24T17:47:40Z,9fea759,main,sigset_new+add+has,22
2026-08-24T17:47:40Z,9fea759,main,epoll_event_new,13
2026-08-24T17:47:40Z,9fea759,main,timerspec_new,17
2026-08-24T17:47:40Z,9fea759,main,W* macros (4 calls),10
2026-08-24T17:47:40Z,9fea759,main,knotify_classify(READY),16
2026-08-24T17:47:40Z,9fea759,main,knotify_classify+value,51
2026-08-24T17:47:40Z,9fea759,main,cgroup_path,3
2026-08-24T17:47:40Z,9fea759,main,cgroup_file (best case, same pair),3
2026-08-24T17:47:40Z,9fea759,main,cgroup_file (5-file burst, per call),102
2026-08-24T17:47:40Z,9fea759,main,is_mounted(/proc),49
2026-08-24T17:47:40Z,9fea759,main,seccomp_build(5 syscalls),325
2026-08-24T17:47:40Z,9fea759,main,seccomp_basic_service+build,1696
2026-08-24T17:47:40Z,9fea759,main,sandbox_basic_service,215
2026-08-24T17:47:40Z,9fea759,main,str_builder(3 segments),301
2026-08-24T17:47:40Z,9fea759,main,str_builder(cstr+int mix),260
2026-08-24T17:47:40Z,9fea759,main,Ok+is_ok,13
2026-08-24T17:47:40Z,9fea759,main,Err+is_err_result,13
2026-08-24T17:47:40Z,9fea759,main,Some+is_some+unwrap,23
2026-08-24T17:47:40Z,9fea759,main,vec(push*3+get*2+len),71
2026-08-24T17:47:40Z,9fea759,main,mount_table_init,28
2026-08-24T17:47:40Z,9fea759,main,owned_fd_new+raw,12
2026-08-24T17:47:40Z,9fea759,main,memeq (2 calls),20
2026-08-24T17:47:40Z,9fea759,main,strlen(52 chars),25
2026-08-24T17:47:40Z,9fea759,main,memcpy(128 bytes),198
2026-08-24T17:47:40Z,9fea759,main,memset(128 bytes),183
2026-08-24T17:47:40Z,9fea759,main,epoll(new+add+close),7879
2026-08-24T17:47:40Z,9fea759,main,epoll_wait(timeout=0),365
2026-08-24T17:47:40Z,9fea759,main,event_token+flags,5
2026-08-24T17:47:40Z,9fea759,main,timer_new+close,4877
2026-08-24T17:47:40Z,9fea759,main,klog_sim(3 writes),1046
2026-08-24T17:47:40Z,9fea759,main,klog2_sim(4 writes),1409
2026-08-24T17:47:40Z,9fea759,main,notify_status_value(2),22
2026-08-24T17:47:40Z,9fea759,main,seccomp_from_profile,172
2026-08-24T17:47:40Z,9fea759,main,sandbox(new+3 rules+count),136
2026-08-24T17:47:40Z,9fea759,main,sandbox_from_ruleset(2 rules),3098
2026-08-24T17:47:40Z,9fea759,main,set_no_new_privs,447
2026-08-24T17:47:40Z,9fea759,main,drop_caps(non-root err),319
2026-08-24T17:47:40Z,9fea759,main,secure_pre_exec(non-root),320
2026-08-24T17:47:40Z,9fea759,main,hashmap(3 set+4 get/has),995
2026-08-24T17:47:40Z,9fea759,main,alloc(4 sizes burst),40
2026-08-24T17:47:40Z,9fea759,main,alloc(3)+reset+init,558
2026-08-24T17:47:40Z,9fea759,main,security_context(new+4 get),80
2026-08-24T17:47:40Z,9fea759,main,agent_config(new+get+set),104
2026-08-24T17:47:40Z,9fea759,main,cgroup_limits(new+2set+2get),36
2026-08-24T17:47:40Z,9fea759,main,resource_limits(new+3get),24
2026-08-24T17:47:40Z,9fea759,main,capability_set(new+3push),210
2026-08-24T21:02:57Z,953eef3,main,getpid,273
2026-08-24T21:02:57Z,953eef3,main,getuid,270
2026-08-24T21:02:57Z,953eef3,main,is_root,282
2026-08-24T21:02:57Z,953eef3,main,classify_signal,3
2026-08-24T21:02:57Z,953eef3,main,is_handled_signal,8
2026-08-24T21:02:57Z,953eef3,main,sigset_new+add+has,22
2026-08-24T21:02:57Z,953eef3,main,epoll_event_new,12
2026-08-24T21:02:57Z,953eef3,main,timerspec_new,16
2026-08-24T21:02:57Z,953eef3,main,W* macros (4 calls),10
2026-08-24T21:02:57Z,953eef3,main,knotify_classify(READY),15
2026-08-24T21:02:57Z,953eef3,main,knotify_classify+value,49
2026-08-24T21:02:57Z,953eef3,main,cgroup_path,3
2026-08-24T21:02:57Z,953eef3,main,cgroup_file (best case, same pair),5
2026-08-24T21:02:57Z,953eef3,main,cgroup_file (5-file burst, per call),100
2026-08-24T21:02:57Z,953eef3,main,is_mounted(/proc),60
2026-08-24T21:02:57Z,953eef3,main,seccomp_build(5 syscalls),350
2026-08-24T21:02:57Z,953eef3,main,seccomp_basic_service+build,1598
2026-08-24T21:02:57Z,953eef3,main,sandbox_basic_service,203
2026-08-24T21:02:57Z,953eef3,main,str_builder(3 segments),276
2026-08-24T21:02:57Z,953eef3,main,str_builder(cstr+int mix),256
2026-08-24T21:02:57Z,953eef3,main,Ok+is_ok,13
2026-08-24T21:02:57Z,953eef3,main,Err+is_err_result,13
2026-08-24T21:02:57Z,953eef3,main,Some+is_some+unwrap,23
2026-08-24T21:02:57Z,953eef3,main,vec(push*3+get*2+len),71
2026-08-24T21:02:57Z,953eef3,main,mount_table_init,28
2026-08-24T21:02:57Z,953eef3,main,owned_fd_new+raw,12
2026-08-24T21:02:57Z,953eef3,main,memeq (2 calls),19
2026-08-24T21:02:57Z,953eef3,main,strlen(52 chars),25
2026-08-24T21:02:57Z,953eef3,main,memcpy(128 bytes),198
2026-08-24T21:02:57Z,953eef3,main,memset(128 bytes),174
2026-08-24T21:02:57Z,953eef3,main,epoll(new+add+close),7537
2026-08-24T21:02:57Z,953eef3,main,epoll_wait(timeout=0),302
2026-08-24T21:02:57Z,953eef3,main,event_token+flags,4
2026-08-24T21:02:57Z,953eef3,main,timer_new+close,4371
2026-08-24T21:02:57Z,953eef3,main,klog_sim(3 writes),964
2026-08-24T21:02:57Z,953eef3,main,klog2_sim(4 writes),1291
2026-08-24T21:02:57Z,953eef3,main,notify_status_value(2),20
2026-08-24T21:02:57Z,953eef3,main,seccomp_from_profile,163
2026-08-24T21:02:57Z,953eef3,main,sandbox(new+3 rules+count),126
2026-08-24T21:02:57Z,953eef3,main,sandbox_from_ruleset(2 rules),2839
2026-08-24T21:02:57Z,953eef3,main,set_no_new_privs,417
2026-08-24T21:02:57Z,953eef3,main,drop_caps(non-root err),290
2026-08-24T21:02:57Z,953eef3,main,secure_pre_exec(non-root),302
2026-08-24T21:02:57Z,953eef3,main,hashmap(3 set+4 get/has),921
2026-08-24T21:02:57Z,953eef3,main,alloc(4 sizes burst),35
2026-08-24T21:02:57Z,953eef3,main,alloc(3)+reset+init,524
2026-08-24T21:02:57Z,953eef3,main,security_context(new+4 get),78
2026-08-24T21:02:57Z,953eef3,main,agent_config(new+get+set),103
2026-08-24T21:02:57Z,953eef3,main,cgroup_limits(new+2set+2get),37
2026-08-24T21:02:57Z,953eef3,main,resource_limits(new+3get),22
2026-08-24T21:02:57Z,953eef3,main,capability_set(new+3push),230
2026-08-24T23:14:06Z,2575509,main,getpid,277
2026-08-24T23:14:06Z,2575509,main,getuid,272
2026-08-24T23:14:06Z,2575509,main,is_root,284
2026-08-24T23:14:06Z,2575509,main,classify_signal,2
2026-08-24T23:14:06Z,2575509,main,is_handled_signal,8
2026-08-24T23:14:06Z,2575509,main,sigset_new+add+has,21
2026-08-24T23:14:06Z,2575509,main,epoll_event_new,12
2026-08-24T23:14:06Z,2575509,main,timerspec_new,16
2026-08-24T23:14:06Z,2575509,main,W* macros (4 calls),10
2026-08-24T23:14:06Z,2575509,main,knotify_classify(READY),15
2026-08-24T23:14:06Z,2575509,main,knotify_classify+value,49
2026-08-24T23:14:06Z,2575509,main,cgroup_path,3
2026-08-24T23:14:06Z,2575509,main,cgroup_file (best case, same pair),3
2026-08-24T23:14:06Z,2575509,main,cgroup_file (5-file burst, per call),105
2026-08-24T23:14:06Z,2575509,main,is_mounted(/proc),54
2026-08-24T23:14:06Z,2575509,main,seccomp_build(5 syscalls),356
2026-08-24T23:14:06Z,2575509,main,seccomp_basic_service+build,1625
2026-08-24T23:14:06Z,2575509,main,sandbox_basic_service,206
2026-08-24T23:14:06Z,2575509,main,str_builder(3 segments),273
2026-08-24T23:14:06Z,2575509,main,str_builder(cstr+int mix),261
2026-08-24T23:14:06Z,2575509,main,Ok+is_ok,13
2026-08-24T23:14:06Z,2575509,main,Err+is_err_result,13
2026-08-24T23:14:06Z,2575509,main,Some+is_some+unwrap,23
2026-08-24T23:14:06Z,2575509,main,vec(push*3+get*2+len),71
2026-08-24T23:14:06Z,2575509,main,mount_table_init,29
2026-08-24T23:14:06Z,2575509,main,owned_fd_new+raw,12
2026-08-24T23:14:06Z,2575509,main,memeq (2 calls),19
2026-08-24T23:14:06Z,2575509,main,strlen(52 chars),25
2026-08-24T23:14:06Z,2575509,main,memcpy(128 bytes),197
2026-08-24T23:14:06Z,2575509,main,memset(128 bytes),174
2026-08-24T23:14:06Z,2575509,main,epoll(new+add+close),7692
2026-08-24T23:14:06Z,2575509,main,epoll_wait(timeout=0),294
2026-08-24T23:14:06Z,2575509,main,event_token+flags,4
2026-08-24T23:14:06Z,2575509,main,timer_new+close,4468
2026-08-24T23:14:06Z,2575509,main,klog_sim(3 writes),961
2026-08-24T23:14:06Z,2575509,main,klog2_sim(4 writes),1287
2026-08-24T23:14:06Z,2575509,main,notify_status_value(2),20
2026-08-24T23:14:06Z,2575509,main,seccomp_from_profile,162
2026-08-24T23:14:06Z,2575509,main,sandbox(new+3 rules+count),127
2026-08-24T23:14:06Z,2575509,main,sandbox_from_ruleset(2 rules),2892
2026-08-24T23:14:06Z,2575509,main,set_no_new_privs,415
2026-08-24T23:14:06Z,2575509,main,drop_caps(non-root err),301
2026-08-24T23:14:06Z,2575509,main,secure_pre_exec(non-root),303
2026-08-24T23:14:06Z,2575509,main,hashmap(3 set+4 get/has),922
2026-08-24T23:14:06Z,2575509,main,alloc(4 sizes burst),36
2026-08-24T23:14:06Z,2575509,main,alloc(3)+reset+init,536
2026-08-24T23:14:06Z,2575509,main,security_context(new+4 get),79
2026-08-24T23:14:06Z,2575509,main,agent_config(new+get+set),102
2026-08-24T23:14:06Z,2575509,main,cgroup_limits(new+2set+2get),36
2026-08-24T23:14:06Z,2575509,main,resource_limits(new+3get),22
2026-08-24T23:14:06Z,2575509,main,capability_set(new+3push),208
2026-08-24T23:47:58Z,7d1043f,main,getpid,277
2026-08-24T23:47:58Z,7d1043f,main,getuid,268
2026-08-24T23:47:58Z,7d1043f,main,is_root,287
2026-08-24T23:47:58Z,7d1043f,main,classify_signal,2
2026-08-24T23:47:58Z,7d1043f,main,is_handled_signal,8
2026-08-24T23:47:58Z,7d1043f,main,sigset_new+add+has,22
2026-08-24T23:47:58Z,7d1043f,main,epoll_event_new,12
2026-08-24T23:47:58Z,7d1043f,main,timerspec_new,16
2026-08-24T23:47:58Z,7d1043f,main,W* macros (4 calls),10
2026-08-24T23:47:58Z,7d1043f,main,knotify_classify(READY),15
2026-08-24T23:47:58Z,7d1043f,main,knotify_classify+value,49
2026-08-24T23:47:58Z,7d1043f,main,cgroup_path,3
2026-08-24T23:47:58Z,7d1043f,main,cgroup_file (best case, same pair),3
2026-08-24T23:47:58Z,7d1043f,main,cgroup_file (5-file burst, per call),100
2026-08-24T23:47:58Z,7d1043f,main,is_mounted(/proc),63
2026-08-24T23:47:58Z,7d1043f,main,seccomp_build(5 syscalls),353
2026-08-24T23:47:58Z,7d1043f,main,seccomp_basic_service+build,1623
2026-08-24T23:47:58Z,7d1043f,main,sandbox_basic_service,205
2026-08-24T23:47:58Z,7d1043f,main,str_builder(3 segments),268
2026-08-24T23:47:58Z,7d1043f,main,str_builder(cstr+int mix),258
2026-08-24T23:47:58Z,7d1043f,main,Ok+is_ok,15
2026-08-24T23:47:58Z,7d1043f,main,Err+is_err_result,13
2026-08-24T23:47:58Z,7d1043f,main,Some+is_some+unwrap,23
2026-08-24T23:47:58Z,7d1043f,main,vec(push*3+get*2+len),71
2026-08-24T23:47:58Z,7d1043f,main,mount_table_init,28
2026-08-24T23:47:58Z,7d1043f,main,owned_fd_new+raw,12
2026-08-24T23:47:58Z,7d1043f,main,memeq (2 calls),19
2026-08-24T23:47:58Z,7d1043f,main,strlen(52 chars),24
2026-08-24T23:47:58Z,7d1043f,main,memcpy(128 bytes),199
2026-08-24T23:47:58Z,7d1043f,main,memset(128 bytes),176
2026-08-24T23:47:58Z,7d1043f,main,epoll(new+add+close),7674
2026-08-24T23:47:58Z,7d1043f,main,epoll_wait(timeout=0),301
2026-08-24T23:47:58Z,7d1043f,main,event_token+flags,4
2026-08-24T23:47:58Z,7d1043f,main,timer_new+close,4379
2026-08-24T23:47:58Z,7d1043f,main,klog_sim(3 writes),975
2026-08-24T23:47:58Z,7d1043f,main,klog2_sim(4 writes),1289
2026-08-24T23:47:58Z,7d1043f,main,notify_status_value(2),20
2026-08-24T23:47:58Z,7d1043f,main,seccomp_from_profile,161
2026-08-24T23:47:58Z,7d1043f,main,sandbox(new+3 rules+count),126
2026-08-24T23:47:58Z,7d1043f,main,sandbox_from_ruleset(2 rules),2913
2026-08-24T23:47:58Z,7d1043f,main,set_no_new_privs,404
2026-08-24T23:47:58Z,7d1043f,main,drop_caps(non-root err),294
2026-08-24T23:47:58Z,7d1043f,main,secure_pre_exec(non-root),302
2026-08-24T23:47:58Z,7d1043f,main,hashmap(3 set+4 get/has),894
2026-08-24T23:47:58Z,7d1043f,main,alloc(4 sizes burst),35
2026-08-24T23:47:58Z,7d1043f,main,alloc(3)+reset+init,526
2026-08-24T23:47:58Z,7d1043f,main,security_context(new+4 get),78
2026-08-24T23:47:58Z,7d1043f,main,agent_config(new+get+set),122
2026-08-24T23:47:58Z,7d1043f,main,cgroup_limits(new+2set+2get),37
2026-08-24T23:47:58Z,7d1043f,main,resource_limits(new+3get),22
2026-08-24T23:47:58Z,7d1043f,main,capability_set(new+3push),208
2026-08-25T00:12:10Z,4ee9458,main,getpid,287
2026-08-25T00:12:10Z,4ee9458,main,getuid,281
2026-08-25T00:12:10Z,4ee9458,main,is_root,294
2026-08-25T00:12:10Z,4ee9458,main,classify_signal,3
2026-08-25T00:12:10Z,4ee9458,main,is_handled_signal,8
2026-08-25T00:12:10Z,4ee9458,main,sigset_new+add+has,22
2026-08-25T00:12:10Z,4ee9458,main,epoll_event_new,13
2026-08-25T00:12:10Z,4ee9458,main,timerspec_new,16
2026-08-25T00:12:10Z,4ee9458,main,W* macros (4 calls),11
2026-08-25T00:12:10Z,4ee9458,main,knotify_classify(READY),15
2026-08-25T00:12:10Z,4ee9458,main,knotify_classify+value,50
2026-08-25T00:12:10Z,4ee9458,main,cgroup_path,4
2026-08-25T00:12:10Z,4ee9458,main,cgroup_file (best case, same pair),4
2026-08-25T00:12:10Z,4ee9458,main,cgroup_file (5-file burst, per call),104
2026-08-25T00:12:10Z,4ee9458,main,is_mounted(/proc),50
2026-08-25T00:12:10Z,4ee9458,main,seccomp_build(5 syscalls),365
2026-08-25T00:12:10Z,4ee9458,main,seccomp_basic_service+build,1678
2026-08-25T00:12:10Z,4ee9458,main,sandbox_basic_service,212
2026-08-25T00:12:10Z,4ee9458,main,str_builder(3 segments),278
2026-08-25T00:12:10Z,4ee9458,main,str_builder(cstr+int mix),263
2026-08-25T00:12:10Z,4ee9458,main,Ok+is_ok,14
2026-08-25T00:12:10Z,4ee9458,main,Err+is_err_result,14
2026-08-25T00:12:10Z,4ee9458,main,Some+is_some+unwrap,25
2026-08-25T00:12:10Z,4ee9458,main,vec(push*3+get*2+len),74
2026-08-25T00:12:10Z,4ee9458,main,mount_table_init,30
2026-08-25T00:12:10Z,4ee9458,main,owned_fd_new+raw,13
2026-08-25T00:12:10Z,4ee9458,main,memeq (2 calls),20
2026-08-25T00:12:10Z,4ee9458,main,strlen(52 chars),25
2026-08-25T00:12:10Z,4ee9458,main,memcpy(128 bytes),206
2026-08-25T00:12:10Z,4ee9458,main,memset(128 bytes),185
2026-08-25T00:12:10Z,4ee9458,main,epoll(new+add+close),7744
2026-08-25T00:12:10Z,4ee9458,main,epoll_wait(timeout=0),303
2026-08-25T00:12:10Z,4ee9458,main,event_token+flags,4
2026-08-25T00:12:10Z,4ee9458,main,timer_new+close,4431
2026-08-25T00:12:10Z,4ee9458,main,klog_sim(3 writes),965
2026-08-25T00:12:10Z,4ee9458,main,klog2_sim(4 writes),1286
2026-08-25T00:12:10Z,4ee9458,main,notify_status_value(2),21
2026-08-25T00:12:10Z,4ee9458,main,seccomp_from_profile,161
2026-08-25T00:12:10Z,4ee9458,main,sandbox(new+3 rules+count),127
2026-08-25T00:12:10Z,4ee9458,main,sandbox_from_ruleset(2 rules),2860
2026-08-25T00:12:10Z,4ee9458,main,set_no_new_privs,424
2026-08-25T00:12:10Z,4ee9458,main,drop_caps(non-root err),295
2026-08-25T00:12:10Z,4ee9458,main,secure_pre_exec(non-root),316
2026-08-25T00:12:10Z,4ee9458,main,hashmap(3 set+4 get/has),901
2026-08-25T00:12:10Z,4ee9458,main,alloc(4 sizes burst),36
2026-08-25T00:12:10Z,4ee9458,main,alloc(3)+reset+init,532
2026-08-25T00:12:10Z,4ee9458,main,security_context(new+4 get),80
2026-08-25T00:12:10Z,4ee9458,main,agent_config(new+get+set),116
2026-08-25T00:12:10Z,4ee9458,main,cgroup_limits(new+2set+2get),37
2026-08-25T00:12:10Z,4ee9458,main,resource_limits(new+3get),22
2026-08-25T00:12:10Z,4ee9458,main,capability_set(new+3push),211
2026-08-25T00:34:19Z,d184ed2,main,getpid,275
2026-08-25T00:34:19Z,d184ed2,main,getuid,275
2026-08-25T00:34:19Z,d184ed2,main,is_root,286
2026-08-25T00:34:19Z,d184ed2,main,classify_signal,2
2026-08-25T00:34:19Z,d184ed2,main,is_handled_signal,8
2026-08-25T00:34:19Z,d184ed2,main,sigset_new+add+has,22
2026-08-25T00:34:19Z,d184ed2,main,epoll_event_new,12
2026-08-25T00:34:19Z,d184ed2,main,timerspec_new,16
2026-08-25T00:34:19Z,d184ed2,main,W* macros (4 calls),10
2026-08-25T00:34:19Z,d184ed2,main,knotify_classify(READY),15
2026-08-25T00:34:19Z,d184ed2,main,knotify_classify+value,49
2026-08-25T00:34:19Z,d184ed2,main,cgroup_path,3
2026-08-25T00:34:19Z,d184ed2,main,cgroup_file (best case, same pair),3
2026-08-25T00:34:19Z,d184ed2,main,cgroup_file (5-file burst, per call),101
2026-08-25T00:34:19Z,d184ed2,main,is_mounted(/proc),56
2026-08-25T00:34:19Z,d184ed2,main,seccomp_build(5 syscalls),364
2026-08-25T00:34:19Z,d184ed2,main,seccomp_basic_service+build,1764
2026-08-25T00:34:19Z,d184ed2,main,sandbox_basic_service,230
2026-08-25T00:34:19Z,d184ed2,main,str_builder(3 segments),279
2026-08-25T00:34:19Z,d184ed2,main,str_builder(cstr+int mix),255
2026-08-25T00:34:19Z,d184ed2,main,Ok+is_ok,13
2026-08-25T00:34:19Z,d184ed2,main,Err+is_err_result,13
2026-08-25T00:34:19Z,d184ed2,main,Some+is_some+unwrap,24
2026-08-25T00:34:19Z,d184ed2,main,vec(push*3+get*2+len),72
2026-08-25T00:34:19Z,d184ed2,main,mount_table_init,31
2026-08-25T00:34:19Z,d184ed2,main,owned_fd_new+raw,12
2026-08-25T00:34:19Z,d184ed2,main,memeq (2 calls),20
2026-08-25T00:34:19Z,d184ed2,main,strlen(52 chars),26
2026-08-25T00:34:19Z,d184ed2,main,memcpy(128 bytes),199
2026-08-25T00:34:19Z,d184ed2,main,memset(128 bytes),179
2026-08-25T00:34:19Z,d184ed2,main,epoll(new+add+close),7767
2026-08-25T00:34:19Z,d184ed2,main,epoll_wait(timeout=0),300
2026-08-25T00:34:19Z,d184ed2,main,event_token+flags,4
2026-08-25T00:34:19Z,d184ed2,main,timer_new+close,4385
2026-08-25T00:34:19Z,d184ed2,main,klog_sim(3 writes),959
2026-08-25T00:34:19Z,d184ed2,main,klog2_sim(4 writes),1303
2026-08-25T00:34:19Z,d184ed2,main,notify_status_value(2),21
2026-08-25T00:34:19Z,d184ed2,main,seccomp_from_profile,161
2026-08-25T00:34:19Z,d184ed2,main,sandbox(new+3 rules+count),126
2026-08-25T00:34:19Z,d184ed2,main,sandbox_from_ruleset(2 rules),2869
2026-08-25T00:34:19Z,d184ed2,main,set_no_new_privs,418
2026-08-25T00:34:19Z,d184ed2,main,drop_caps(non-root err),295
2026-08-25T00:34:19Z,d184ed2,main,secure_pre_exec(non-root),305
2026-08-25T00:34:19Z,d184ed2,main,hashmap(3 set+4 get/has),900
2026-08-25T00:34:19Z,d184ed2,main,alloc(4 sizes burst),35
2026-08-25T00:34:19Z,d184ed2,main,alloc(3)+reset+init,534
2026-08-25T00:34:19Z,d184ed2,main,security_context(new+4 get),80
2026-08-25T00:34:19Z,d184ed2,main,agent_config(new+get+set),101
2026-08-25T00:34:19Z,d184ed2,main,cgroup_limits(new+2set+2get),36
2026-08-25T00:34:19Z,d184ed2,main,resource_limits(new+3get),23
2026-08-25T00:34:19Z,d184ed2,main,capability_set(new+3push),208
2026-08-25T01:13:56Z,c7696a1,main,getpid,293
2026-08-25T01:13:56Z,c7696a1,main,getuid,288
2026-08-25T01:13:56Z,c7696a1,main,is_root,304
2026-08-25T01:13:56Z,c7696a1,main,classify_signal,3
2026-08-25T01:13:56Z,c7696a1,main,is_handled_signal,8
2026-08-25T01:13:56Z,c7696a1,main,sigset_new+add+has,23
2026-08-25T01:13:56Z,c7696a1,main,epoll_event_new,13
2026-08-25T01:13:56Z,c7696a1,main,timerspec_new,17
2026-08-25T01:13:56Z,c7696a1,main,W* macros (4 calls),11
2026-08-25T01:13:56Z,c7696a1,main,knotify_classify(READY),16
2026-08-25T01:13:56Z,c7696a1,main,knotify_classify+value,52
2026-08-25T01:13:56Z,c7696a1,main,cgroup_path,3
2026-08-25T01:13:56Z,c7696a1,main,cgroup_file (best case, same pair),3
2026-08-25T01:13:56Z,c7696a1,main,cgroup_file (5-file burst, per call),107
2026-08-25T01:13:56Z,c7696a1,main,is_mounted(/proc),57
2026-08-25T01:13:56Z,c7696a1,main,seccomp_build(5 syscalls),378
2026-08-25T01:13:56Z,c7696a1,main,seccomp_basic_service+build,1734
2026-08-25T01:13:56Z,c7696a1,main,sandbox_basic_service,218
2026-08-25T01:13:56Z,c7696a1,main,str_builder(3 segments),299
2026-08-25T01:13:56Z,c7696a1,main,str_builder(cstr+int mix),273
2026-08-25T01:13:56Z,c7696a1,main,Ok+is_ok,14
2026-08-25T01:13:56Z,c7696a1,main,Err+is_err_result,14
2026-08-25T01:13:56Z,c7696a1,main,Some+is_some+unwrap,25
2026-08-25T01:13:56Z,c7696a1,main,vec(push*3+get*2+len),76
2026-08-25T01:13:56Z,c7696a1,main,mount_table_init,30
2026-08-25T01:13:56Z,c7696a1,main,owned_fd_new+raw,13
2026-08-25T01:13:56Z,c7696a1,main,memeq (2 calls),21
2026-08-25T01:13:56Z,c7696a1,main,strlen(52 chars),26
2026-08-25T01:13:56Z,c7696a1,main,memcpy(128 bytes),210
2026-08-25T01:13:56Z,c7696a1,main,memset(128 bytes),183
2026-08-25T01:13:56Z,c7696a1,main,epoll(new+add+close),7942
2026-08-25T01:13:56Z,c7696a1,main,epoll_wait(timeout=0),318
2026-08-25T01:13:56Z,c7696a1,main,event_token+flags,5
2026-08-25T01:13:56Z,c7696a1,main,timer_new+close,4539
2026-08-25T01:13:56Z,c7696a1,main,klog_sim(3 writes),1025
2026-08-25T01:13:56Z,c7696a1,main,klog2_sim(4 writes),1377
2026-08-25T01:13:56Z,c7696a1,main,notify_status_value(2),22
2026-08-25T01:13:56Z,c7696a1,main,seccomp_from_profile,171
2026-08-25T01:13:56Z,c7696a1,main,sandbox(new+3 rules+count),136
2026-08-25T01:13:56Z,c7696a1,main,sandbox_from_ruleset(2 rules),3072
2026-08-25T01:13:56Z,c7696a1,main,set_no_new_privs,444
2026-08-25T01:13:56Z,c7696a1,main,drop_caps(non-root err),311
2026-08-25T01:13:56Z,c7696a1,main,secure_pre_exec(non-root),326
2026-08-25T01:13:56Z,c7696a1,main,hashmap(3 set+4 get/has),985
2026-08-25T01:13:56Z,c7696a1,main,alloc(4 sizes burst),38
2026-08-25T01:13:56Z,c7696a1,main,alloc(3)+reset+init,560
2026-08-25T01:13:56Z,c7696a1,main,security_context(new+4 get),83
2026-08-25T01:13:56Z,c7696a1,main,agent_config(new+get+set),108
2026-08-25T01:13:56Z,c7696a1,main,cgroup_limits(new+2set+2get),39
2026-08-25T01:13:56Z,c7696a1,main,resource_limits(new+3get),24
2026-08-25T01:13:56Z,c7696a1,main,capability_set(new+3push),221
2026-08-25T02:04:32Z,c7fa397,main,getpid,291
2026-08-25T02:04:32Z,c7fa397,main,getuid,285
2026-08-25T02:04:32Z,c7fa397,main,is_root,298
2026-08-25T02:04:32Z,c7fa397,main,classify_signal,3
2026-08-25T02:04:32Z,c7fa397,main,is_handled_signal,8
2026-08-25T02:04:32Z,c7fa397,main,sigset_new+add+has,23
2026-08-25T02:04:32Z,c7fa397,main,epoll_event_new,13
2026-08-25T02:04:32Z,c7fa397,main,timerspec_new,17
2026-08-25T02:04:32Z,c7fa397,main,W* macros (4 calls),11
2026-08-25T02:04:32Z,c7fa397,main,knotify_classify(READY),16
2026-08-25T02:04:32Z,c7fa397,main,knotify_classify+value,51
2026-08-25T02:04:32Z,c7fa397,main,cgroup_path,3
2026-08-25T02:04:32Z,c7fa397,main,cgroup_file (best case, same pair),5
2026-08-25T02:04:32Z,c7fa397,main,cgroup_file (5-file burst, per call),108
2026-08-25T02:04:32Z,c7fa397,main,is_mounted(/proc),48
2026-08-25T02:04:32Z,c7fa397,main,seccomp_build(5 syscalls),375
2026-08-25T02:04:32Z,c7fa397,main,seccomp_basic_service+build,1716
2026-08-25T02:04:32Z,c7fa397,main,sandbox_basic_service,219
2026-08-25T02:04:32Z,c7fa397,main,str_builder(3 segments),301
2026-08-25T02:04:32Z,c7fa397,main,str_builder(cstr+int mix),274
2026-08-25T02:04:32Z,c7fa397,main,Ok+is_ok,14
2026-08-25T02:04:32Z,c7fa397,main,Err+is_err_result,14
2026-08-25T02:04:32Z,c7fa397,main,Some+is_some+unwrap,25
2026-08-25T02:04:32Z,c7fa397,main,vec(push*3+get*2+len),78
2026-08-25T02:04:32Z,c7fa397,main,mount_table_init,30
2026-08-25T02:04:32Z,c7fa397,main,owned_fd_new+raw,13
2026-08-25T02:04:32Z,c7fa397,main,memeq (2 calls),21
2026-08-25T02:04:32Z,c7fa397,main,strlen(52 chars),27
2026-08-25T02:04:32Z,c7fa397,main,memcpy(128 bytes),210
2026-08-25T02:04:32Z,c7fa397,main,memset(128 bytes),188
2026-08-25T02:04:32Z,c7fa397,main,epoll(new+add+close),7960
2026-08-25T02:04:32Z,c7fa397,main,epoll_wait(timeout=0),314
2026-08-25T02:04:32Z,c7fa397,main,event_token+flags,4
2026-08-25T02:04:32Z,c7fa397,main,timer_new+close,4554
2026-08-25T02:04:32Z,c7fa397,main,restart_queue_push,10
2026-08-25T02:04:32Z,c7fa397,main,restart_queue_has_miss8,165
2026-08-25T02:04:32Z,c7fa397,main,restart_queue_pop_due_empty,6
2026-08-25T02:04:32Z,c7fa397,main,klog_sim(3 writes),1062
2026-08-25T02:04:32Z,c7fa397,main,klog2_sim(4 writes),1374
2026-08-25T02:04:32Z,c7fa397,main,notify_status_value(2),21
2026-08-25T02:04:32Z,c7fa397,main,seccomp_from_profile,163
2026-08-25T02:04:32Z,c7fa397,main,sandbox(new+3 rules+count),134
2026-08-25T02:04:32Z,c7fa397,main,sandbox_from_ruleset(2 rules),3049
2026-08-25T02:04:32Z,c7fa397,main,set_no_new_privs,441
2026-08-25T02:04:32Z,c7fa397,main,drop_caps(non-root err),308
2026-08-25T02:04:32Z,c7fa397,main,secure_pre_exec(non-root),322
2026-08-25T02:04:32Z,c7fa397,main,hashmap(3 set+4 get/has),953
2026-08-25T02:04:32Z,c7fa397,main,alloc(4 sizes burst),38
2026-08-25T02:04:32Z,c7fa397,main,alloc(3)+reset+init,557
2026-08-25T02:04:32Z,c7fa397,main,security_context(new+4 get),83
2026-08-25T02:04:32Z,c7fa397,main,agent_config(new+get+set),107
2026-08-25T02:04:32Z,c7fa397,main,cgroup_limits(new+2set+2get),38
2026-08-25T02:04:32Z,c7fa397,main,resource_limits(new+3get),24
2026-08-25T02:04:32Z,c7fa397,main,capability_set(new+3push),221
2026-08-25T03:27:33Z,7eccbc9,main,getpid,288
2026-08-25T03:27:33Z,7eccbc9,main,getuid,284
2026-08-25T03:27:33Z,7eccbc9,main,is_root,298
2026-08-25T03:27:33Z,7eccbc9,main,classify_signal,3
2026-08-25T03:27:33Z,7eccbc9,main,is_handled_signal,8
2026-08-25T03:27:33Z,7eccbc9,main,sigset_new+add+has,22
2026-08-25T03:27:33Z,7eccbc9,main,epoll_event_new,13
2026-08-25T03:27:33Z,7eccbc9,main,timerspec_new,17
2026-08-25T03:27:33Z,7eccbc9,main,W* macros (4 calls),11
2026-08-25T03:27:33Z,7eccbc9,main,knotify_classify(READY),16
2026-08-25T03:27:33Z,7eccbc9,main,knotify_classify+value,51
2026-08-25T03:27:33Z,7eccbc9,main,cgroup_path,3
2026-08-25T03:27:33Z,7eccbc9,main,cgroup_file (best case, same pair),3
2026-08-25T03:27:33Z,7eccbc9,main,cgroup_file (5-file burst, per call),107
2026-08-25T03:27:33Z,7eccbc9,main,is_mounted(/proc),52
2026-08-25T03:27:33Z,7eccbc9,main,seccomp_build(5 syscalls),372
2026-08-25T03:27:33Z,7eccbc9,main,seccomp_basic_service+build,1700
2026-08-25T03:27:33Z,7eccbc9,main,sandbox_basic_service,214
2026-08-25T03:27:33Z,7eccbc9,main,str_builder(3 segments),293
2026-08-25T03:27:33Z,7eccbc9,main,str_builder(cstr+int mix),271
2026-08-25T03:27:33Z,7eccbc9,main,Ok+is_ok,14
2026-08-25T03:27:33Z,7eccbc9,main,Err+is_err_result,14
2026-08-25T03:27:33Z,7eccbc9,main,Some+is_some+unwrap,25
2026-08-25T03:27:33Z,7eccbc9,main,vec(push*3+get*2+len),87
2026-08-25T03:27:33Z,7eccbc9,main,mount_table_init,30
2026-08-25T03:27:33Z,7eccbc9,main,owned_fd_new+raw,13
2026-08-25T03:27:33Z,7eccbc9,main,memeq (2 calls),21
2026-08-25T03:27:33Z,7eccbc9,main,strlen(52 chars),38
2026-08-25T03:27:33Z,7eccbc9,main,memcpy(128 bytes),208
2026-08-25T03:27:33Z,7eccbc9,main,memset(128 bytes),182
2026-08-25T03:27:33Z,7eccbc9,main,epoll(new+add+close),7900
2026-08-25T03:27:33Z,7eccbc9,main,epoll_wait(timeout=0),322
2026-08-25T03:27:33Z,7eccbc9,main,event_token+flags,5
2026-08-25T03:27:33Z,7eccbc9,main,timer_new+close,4516
2026-08-25T03:27:33Z,7eccbc9,main,restart_queue_push,10
2026-08-25T03:27:33Z,7eccbc9,main,restart_queue_has_miss8,154
2026-08-25T03:27:33Z,7eccbc9,main,restart_queue_pop_due_empty,3
2026-08-25T03:27:33Z,7eccbc9,main,klog_sim(3 writes),1022
2026-08-25T03:27:33Z,7eccbc9,main,klog2_sim(4 writes),1361
2026-08-25T03:27:33Z,7eccbc9,main,notify_status_value(2),22
2026-08-25T03:27:33Z,7eccbc9,main,seccomp_from_profile,173
2026-08-25T03:27:33Z,7eccbc9,main,sandbox(new+3 rules+count),131
2026-08-25T03:27:33Z,7eccbc9,main,sandbox_from_ruleset(2 rules),3033
2026-08-25T03:27:33Z,7eccbc9,main,set_no_new_privs,443
2026-08-25T03:27:33Z,7eccbc9,main,drop_caps(non-root err),310
2026-08-25T03:27:33Z,7eccbc9,main,secure_pre_exec(non-root),320
2026-08-25T03:27:33Z,7eccbc9,main,hashmap(3 set+4 get/has),965
2026-08-25T03:27:33Z,7eccbc9,main,alloc(4 sizes burst),37
2026-08-25T03:27:33Z,7eccbc9,main,alloc(3)+reset+init,554
2026-08-25T03:27:33Z,7eccbc9,main,security_context(new+4 get),83
2026-08-25T03:27:33Z,7eccbc9,main,agent_config(new+get+set),118
2026-08-25T03:27:33Z,7eccbc9,main,cgroup_limits(new+2set+2get),38
2026-08-25T03:27:33Z,7eccbc9,main,resource_limits(new+3get),23
2026-08-25T03:27:33Z,7eccbc9,main,capability_set(new+3push),219
2026-08-25T03:27:59Z,7eccbc9,main,getpid,290
2026-08-25T03:27:59Z,7eccbc9,main,getuid,286
2026-08-25T03:27:59Z,7eccbc9,main,is_root,298
2026-08-25T03:27:59Z,7eccbc9,main,classify_signal,3
2026-08-25T03:27:59Z,7eccbc9,main,is_handled_signal,8
2026-08-25T03:27:59Z,7eccbc9,main,sigset_new+add+has,23
2026-08-25T03:27:59Z,7eccbc9,main,epoll_event_new,13
2026-08-25T03:27:59Z,7eccbc9,main,timerspec_new,17
2026-08-25T03:27:59Z,7eccbc9,main,W* macros (4 calls),11
2026-08-25T03:27:59Z,7eccbc9,main,knotify_classify(READY),16
2026-08-25T03:27:59Z,7eccbc9,main,knotify_classify+value,51
2026-08-25T03:27:59Z,7eccbc9,main,cgroup_path,3
2026-08-25T03:27:59Z,7eccbc9,main,cgroup_file (best case, same pair),3
2026-08-25T03:27:59Z,7eccbc9,main,cgroup_file (5-file burst, per call),107
2026-08-25T03:27:59Z,7eccbc9,main,is_mounted(/proc),52
2026-08-25T03:27:59Z,7eccbc9,main,seccomp_build(5 syscalls),372
2026-08-25T03:27:59Z,7eccbc9,main,seccomp_basic_service+build,1695
2026-08-25T03:27:59Z,7eccbc9,main,sandbox_basic_service,214
2026-08-25T03:27:59Z,7eccbc9,main,str_builder(3 segments),295
2026-08-25T03:27:59Z,7eccbc9,main,str_builder(cstr+int mix),273
2026-08-25T03:27:59Z,7eccbc9,main,Ok+is_ok,14
2026-08-25T03:27:59Z,7eccbc9,main,Err+is_err_result,14
2026-08-25T03:27:59Z,7eccbc9,main,Some+is_some+unwrap,25
2026-08-25T03:27:59Z,7eccbc9,main,vec(push*3+get*2+len),75
2026-08-25T03:27:59Z,7eccbc9,main,mount_table_init,30
2026-08-25T03:27:59Z,7eccbc9,main,owned_fd_new+raw,13
2026-08-25T03:27:59Z,7eccbc9,main,memeq (2 calls),21
2026-08-25T03:27:59Z,7eccbc9,main,strlen(52 chars),38
2026-08-25T03:27:59Z,7eccbc9,main,memcpy(128 bytes),209
2026-08-25T03:27:59Z,7eccbc9,main,memset(128 bytes),181
2026-08-25T03:27:59Z,7eccbc9,main,epoll(new+add+close),7898
2026-08-25T03:27:59Z,7eccbc9,main,epoll_wait(timeout=0),317
2026-08-25T03:27:59Z,7eccbc9,main,event_token+flags,5
2026-08-25T03:27:59Z,7eccbc9,main,timer_new+close,4538
2026-08-25T03:27:59Z,7eccbc9,main,restart_queue_push,10
2026-08-25T03:27:59Z,7eccbc9,main,restart_queue_has_miss8,156
2026-08-25T03:27:59Z,7eccbc9,main,restart_queue_pop_due_empty,2
2026-08-25T03:27:59Z,7eccbc9,main,klog_sim(3 writes),1058
2026-08-25T03:27:59Z,7eccbc9,main,klog2_sim(4 writes),1413
2026-08-25T03:27:59Z,7eccbc9,main,notify_status_value(2),22
2026-08-25T03:27:59Z,7eccbc9,main,seccomp_from_profile,170
2026-08-25T03:27:59Z,7eccbc9,main,sandbox(new+3 rules+count),132
2026-08-25T03:27:59Z,7eccbc9,main,sandbox_from_ruleset(2 rules),3018
2026-08-25T03:27:59Z,7eccbc9,main,set_no_new_privs,435
2026-08-25T03:27:59Z,7eccbc9,main,drop_caps(non-root err),313
2026-08-25T03:27:59Z,7eccbc9,main,secure_pre_exec(non-root),325
2026-08-25T03:27:59Z,7eccbc9,main,hashmap(3 set+4 get/has),965
2026-08-25T03:27:59Z,7eccbc9,main,alloc(4 sizes burst),37
2026-08-25T03:27:59Z,7eccbc9,main,alloc(3)+reset+init,554
2026-08-25T03:27:59Z,7eccbc9,main,security_context(new+4 get),83
2026-08-25T03:27:59Z,7eccbc9,main,agent_config(new+get+set),119
2026-08-25T03:27:59Z,7eccbc9,main,cgroup_limits(new+2set+2get),38
2026-08-25T03:27:59Z,7eccbc9,main,resource_limits(new+3get),23
2026-08-25T03:27:59Z,7eccbc9,main,capability_set(new+3push),220
2026-08-25T03:36:01Z,7eccbc9,main,getpid,298
2026-08-25T03:36:01Z,7eccbc9,main,getuid,290
2026-08-25T03:36:01Z,7eccbc9,main,is_root,296
2026-08-25T03:36:01Z,7eccbc9,main,classify_signal,3
2026-08-25T03:36:01Z,7eccbc9,main,is_handled_signal,8
2026-08-25T03:36:01Z,7eccbc9,main,sigset_new+add+has,23
2026-08-25T03:36:01Z,7eccbc9,main,epoll_event_new,13
2026-08-25T03:36:01Z,7eccbc9,main,timerspec_new,17
2026-08-25T03:36:01Z,7eccbc9,main,W* macros (4 calls),11
2026-08-25T03:36:01Z,7eccbc9,main,knotify_classify(READY),16
2026-08-25T03:36:01Z,7eccbc9,main,knotify_classify+value,52
2026-08-25T03:36:01Z,7eccbc9,main,cgroup_path,3
2026-08-25T03:36:01Z,7eccbc9,main,cgroup_file (best case, same pair),4
2026-08-25T03:36:01Z,7eccbc9,main,cgroup_file (5-file burst, per call),107
2026-08-25T03:36:01Z,7eccbc9,main,is_mounted(/proc),52
2026-08-25T03:36:01Z,7eccbc9,main,seccomp_build(5 syscalls),378
2026-08-25T03:36:01Z,7eccbc9,main,seccomp_basic_service+build,1762
2026-08-25T03:36:01Z,7eccbc9,main,sandbox_basic_service,220
2026-08-25T03:36:01Z,7eccbc9,main,str_builder(3 segments),302
2026-08-25T03:36:01Z,7eccbc9,main,str_builder(cstr+int mix),279
2026-08-25T03:36:01Z,7eccbc9,main,Ok+is_ok,14
2026-08-25T03:36:01Z,7eccbc9,main,Err+is_err_result,15
2026-08-25T03:36:01Z,7eccbc9,main,Some+is_some+unwrap,26
2026-08-25T03:36:01Z,7eccbc9,main,vec(push*3+get*2+len),79
2026-08-25T03:36:01Z,7eccbc9,main,mount_table_init,31
2026-08-25T03:36:01Z,7eccbc9,main,owned_fd_new+raw,13
2026-08-25T03:36:01Z,7eccbc9,main,memeq (2 calls),21
2026-08-25T03:36:01Z,7eccbc9,main,strlen(52 chars),27
2026-08-25T03:36:01Z,7eccbc9,main,memcpy(128 bytes),216
2026-08-25T03:36:01Z,7eccbc9,main,memset(128 bytes),192
2026-08-25T03:36:01Z,7eccbc9,main,epoll(new+add+close),8072
2026-08-25T03:36:01Z,7eccbc9,main,epoll_wait(timeout=0),322
2026-08-25T03:36:01Z,7eccbc9,main,event_token+flags,5
2026-08-25T03:36:01Z,7eccbc9,main,timer_new+close,4624
2026-08-25T03:36:01Z,7eccbc9,main,restart_queue_push,11
2026-08-25T03:36:01Z,7eccbc9,main,restart_queue_has_miss8,163
2026-08-25T03:36:01Z,7eccbc9,main,restart_queue_pop_due_empty,4
2026-08-25T03:36:01Z,7eccbc9,main,klog_sim(3 writes),1051
2026-08-25T03:36:01Z,7eccbc9,main,klog2_sim(4 writes),1411
2026-08-25T03:36:01Z,7eccbc9,main,notify_status_value(2),22
2026-08-25T03:36:01Z,7eccbc9,main,seccomp_from_profile,177
2026-08-25T03:36:01Z,7eccbc9,main,sandbox(new+3 rules+count),136
2026-08-25T03:36:01Z,7eccbc9,main,sandbox_from_ruleset(2 rules),3056
2026-08-25T03:36:01Z,7eccbc9,main,set_no_new_privs,453
2026-08-25T03:36:01Z,7eccbc9,main,drop_caps(non-root err),318
2026-08-25T03:36:01Z,7eccbc9,main,secure_pre_exec(non-root),335
2026-08-25T03:36:01Z,7eccbc9,main,hashmap(3 set+4 get/has),986
2026-08-25T03:36:01Z,7eccbc9,main,alloc(4 sizes burst),39
2026-08-25T03:36:01Z,7eccbc9,main,alloc(3)+reset+init,580
2026-08-25T03:36:01Z,7eccbc9,main,security_context(new+4 get),87
2026-08-25T03:36:01Z,7eccbc9,main,agent_config(new+get+set),123
2026-08-25T03:36:01Z,7eccbc9,main,cgroup_limits(new+2set+2get),40
2026-08-25T03:36:01Z,7eccbc9,main,resource_limits(new+3get),24
2026-08-25T03:36:01Z,7eccbc9,main,capability_set(new+3push),238
2026-08-25T04:04:47Z,d85c50e,main,getpid,299
2026-08-25T04:04:47Z,d85c50e,main,getuid,295
2026-08-25T04:04:47Z,d85c50e,main,is_root,310
2026-08-25T04:04:47Z,d85c50e,main,classify_signal,3
2026-08-25T04:04:47Z,d85c50e,main,is_handled_signal,8
2026-08-25T04:04:47Z,d85c50e,main,sigset_new+add+has,23
2026-08-25T04:04:47Z,d85c50e,main,epoll_event_new,13
2026-08-25T04:04:47Z,d85c50e,main,timerspec_new,17
2026-08-25T04:04:47Z,d85c50e,main,W* macros (4 calls),11
2026-08-25T04:04:47Z,d85c50e,main,knotify_classify(READY),17
2026-08-25T04:04:47Z,d85c50e,main,knotify_classify+value,53
2026-08-25T04:04:47Z,d85c50e,main,cgroup_path,3
2026-08-25T04:04:47Z,d85c50e,main,cgroup_file (best case, same pair),4
2026-08-25T04:04:47Z,d85c50e,main,cgroup_file (5-file burst, per call),111
2026-08-25T04:04:47Z,d85c50e,main,is_mounted(/proc),49
2026-08-25T04:04:47Z,d85c50e,main,seccomp_build(5 syscalls),379
2026-08-25T04:04:47Z,d85c50e,main,seccomp_basic_service+build,1732
2026-08-25T04:04:47Z,d85c50e,main,sandbox_basic_service,220
2026-08-25T04:04:47Z,d85c50e,main,str_builder(3 segments),305
2026-08-25T04:04:47Z,d85c50e,main,str_builder(cstr+int mix),278
2026-08-25T04:04:47Z,d85c50e,main,Ok+is_ok,14
2026-08-25T04:04:47Z,d85c50e,main,Err+is_err_result,14
2026-08-25T04:04:47Z,d85c50e,main,Some+is_some+unwrap,25
2026-08-25T04:04:47Z,d85c50e,main,vec(push*3+get*2+len),78
2026-08-25T04:04:47Z,d85c50e,main,mount_table_init,30
2026-08-25T04:04:47Z,d85c50e,main,owned_fd_new+raw,13
2026-08-25T04:04:47Z,d85c50e,main,memeq (2 calls),21
2026-08-25T04:04:47Z,d85c50e,main,strlen(52 chars),27
2026-08-25T04:04:47Z,d85c50e,main,memcpy(128 bytes),213
2026-08-25T04:04:47Z,d85c50e,main,memset(128 bytes),189
2026-08-25T04:04:47Z,d85c50e,main,epoll(new+add+close),8203
2026-08-25T04:04:47Z,d85c50e,main,epoll_wait(timeout=0),323
2026-08-25T04:04:47Z,d85c50e,main,event_token+flags,5
2026-08-25T04:04:47Z,d85c50e,main,timer_new+close,4636
2026-08-25T04:04:47Z,d85c50e,main,restart_queue_push,11
2026-08-25T04:04:47Z,d85c50e,main,restart_queue_has_miss8,162
2026-08-25T04:04:47Z,d85c50e,main,restart_queue_pop_due_empty,3
2026-08-25T04:04:47Z,d85c50e,main,klog_sim(3 writes),1061
2026-08-25T04:04:47Z,d85c50e,main,klog2_sim(4 writes),1411
2026-08-25T04:04:47Z,d85c50e,main,notify_status_value(2),22
2026-08-25T04:04:47Z,d85c50e,main,seccomp_from_profile,172
2026-08-25T04:04:47Z,d85c50e,main,sandbox(new+3 rules+count),136
2026-08-25T04:04:47Z,d85c50e,main,sandbox_from_ruleset(2 rules),3357
2026-08-25T04:04:47Z,d85c50e,main,set_no_new_privs,449
2026-08-25T04:04:47Z,d85c50e,main,drop_caps(non-root err),318
2026-08-25T04:04:47Z,d85c50e,main,secure_pre_exec(non-root),334
2026-08-25T04:04:47Z,d85c50e,main,hashmap(3 set+4 get/has),996
2026-08-25T04:04:47Z,d85c50e,main,alloc(4 sizes burst),39
2026-08-25T04:04:47Z,d85c50e,main,alloc(3)+reset+init,569
2026-08-25T04:04:47Z,d85c50e,main,security_context(new+4 get),85
2026-08-25T04:04:47Z,d85c50e,main,agent_config(new+get+set),110
2026-08-25T04:04:47Z,d85c50e,main,cgroup_limits(new+2set+2get),40
2026-08-25T04:04:47Z,d85c50e,main,resource_limits(new+3get),24
2026-08-25T04:04:47Z,d85c50e,main,capability_set(new+3push),225
2026-08-25T04:47:34Z,aabb61e,main,getpid,308
2026-08-25T04:47:34Z,aabb61e,main,getuid,307
2026-08-25T04:47:34Z,aabb61e,main,is_root,317
2026-08-25T04:47:34Z,aabb61e,main,classify_signal,3
2026-08-25T04:47:34Z,aabb61e,main,is_handled_signal,9
2026-08-25T04:47:34Z,aabb61e,main,sigset_new+add+has,24
2026-08-25T04:47:34Z,aabb61e,main,epoll_event_new,13
2026-08-25T04:47:34Z,aabb61e,main,timerspec_new,18
2026-08-25T04:47:34Z,aabb61e,main,W* macros (4 calls),11
2026-08-25T04:47:34Z,aabb61e,main,knotify_classify(READY),16
2026-08-25T04:47:34Z,aabb61e,main,knotify_classify+value,54
2026-08-25T04:47:34Z,aabb61e,main,cgroup_path,4
2026-08-25T04:47:34Z,aabb61e,main,cgroup_file (best case, same pair),4
2026-08-25T04:47:34Z,aabb61e,main,cgroup_file (5-file burst, per call),117
2026-08-25T04:47:34Z,aabb61e,main,is_mounted(/proc),53
2026-08-25T04:47:34Z,aabb61e,main,seccomp_build(5 syscalls),392
2026-08-25T04:47:34Z,aabb61e,main,seccomp_basic_service+build,1772
2026-08-25T04:47:34Z,aabb61e,main,sandbox_basic_service,224
2026-08-25T04:47:34Z,aabb61e,main,str_builder(3 segments),307
2026-08-25T04:47:34Z,aabb61e,main,str_builder(cstr+int mix),278
2026-08-25T04:47:34Z,aabb61e,main,Ok+is_ok,14
2026-08-25T04:47:34Z,aabb61e,main,Err+is_err_result,15
2026-08-25T04:47:34Z,aabb61e,main,Some+is_some+unwrap,26
2026-08-25T04:47:34Z,aabb61e,main,vec(push*3+get*2+len),78
2026-08-25T04:47:34Z,aabb61e,main,mount_table_init,31
2026-08-25T04:47:34Z,aabb61e,main,owned_fd_new+raw,14
2026-08-25T04:47:34Z,aabb61e,main,memeq (2 calls),21
2026-08-25T04:47:34Z,aabb61e,main,strlen(52 chars),40
2026-08-25T04:47:34Z,aabb61e,main,memcpy(128 bytes),218
2026-08-25T04:47:34Z,aabb61e,main,memset(128 bytes),190
2026-08-25T04:47:34Z,aabb61e,main,epoll(new+add+close),8191
2026-08-25T04:47:34Z,aabb61e,main,epoll_wait(timeout=0),329
2026-08-25T04:47:34Z,aabb61e,main,event_token+flags,5
2026-08-25T04:47:34Z,aabb61e,main,timer_new+close,4703
2026-08-25T04:47:34Z,aabb61e,main,restart_queue_push,11
2026-08-25T04:47:34Z,aabb61e,main,restart_queue_has_miss8,162
2026-08-25T04:47:34Z,aabb61e,main,restart_queue_pop_due_empty,3
2026-08-25T04:47:34Z,aabb61e,main,klog_sim(3 writes),1082
2026-08-25T04:47:34Z,aabb61e,main,klog2_sim(4 writes),1452
2026-08-25T04:47:34Z,aabb61e,main,notify_status_value(2),22
2026-08-25T04:47:34Z,aabb61e,main,seccomp_from_profile,179
2026-08-25T04:47:34Z,aabb61e,main,sandbox(new+3 rules+count),137
2026-08-25T04:47:34Z,aabb61e,main,sandbox_from_ruleset(2 rules),3187
2026-08-25T04:47:34Z,aabb61e,main,set_no_new_privs,458
2026-08-25T04:47:34Z,aabb61e,main,drop_caps(non-root err),329
2026-08-25T04:47:34Z,aabb61e,main,secure_pre_exec(non-root),343
2026-08-25T04:47:34Z,aabb61e,main,hashmap(3 set+4 get/has),1015
2026-08-25T04:47:34Z,aabb61e,main,alloc(4 sizes burst),39
2026-08-25T04:47:34Z,aabb61e,main,alloc(3)+reset+init,588
2026-08-25T04:47:34Z,aabb61e,main,security_context(new+4 get),88
2026-08-25T04:47:34Z,aabb61e,main,agent_config(new+get+set),124
2026-08-25T04:47:34Z,aabb61e,main,cgroup_limits(new+2set+2get),40
2026-08-25T04:47:34Z,aabb61e,main,resource_limits(new+3get),24
2026-08-25T04:47:34Z,aabb61e,main,capability_set(new+3push),244
2026-08-25T04:47:48Z,aabb61e,main,getpid,298
2026-08-25T04:47:48Z,aabb61e,main,getuid,295
2026-08-25T04:47:48Z,aabb61e,main,is_root,308
2026-08-25T04:47:48Z,aabb61e,main,classify_signal,3
2026-08-25T04:47:48Z,aabb61e,main,is_handled_signal,8
2026-08-25T04:47:48Z,aabb61e,main,sigset_new+add+has,23
2026-08-25T04:47:48Z,aabb61e,main,epoll_event_new,13
2026-08-25T04:47:48Z,aabb61e,main,timerspec_new,17
2026-08-25T04:47:48Z,aabb61e,main,W* macros (4 calls),11
2026-08-25T04:47:48Z,aabb61e,main,knotify_classify(READY),16
2026-08-25T04:47:48Z,aabb61e,main,knotify_classify+value,53
2026-08-25T04:47:48Z,aabb61e,main,cgroup_path,3
2026-08-25T04:47:48Z,aabb61e,main,cgroup_file (best case, same pair),4
2026-08-25T04:47:48Z,aabb61e,main,cgroup_file (5-file burst, per call),111
2026-08-25T04:47:48Z,aabb61e,main,is_mounted(/proc),51
2026-08-25T04:47:48Z,aabb61e,main,seccomp_build(5 syscalls),381
2026-08-25T04:47:48Z,aabb61e,main,seccomp_basic_service+build,1744
2026-08-25T04:47:48Z,aabb61e,main,sandbox_basic_service,219
2026-08-25T04:47:48Z,aabb61e,main,str_builder(3 segments),301
2026-08-25T04:47:48Z,aabb61e,main,str_builder(cstr+int mix),268
2026-08-25T04:47:48Z,aabb61e,main,Ok+is_ok,14
2026-08-25T04:47:48Z,aabb61e,main,Err+is_err_result,14
2026-08-25T04:47:48Z,aabb61e,main,Some+is_some+unwrap,25
2026-08-25T04:47:48Z,aabb61e,main,vec(push*3+get*2+len),81
2026-08-25T04:47:48Z,aabb61e,main,mount_table_init,31
2026-08-25T04:47:48Z,aabb61e,main,owned_fd_new+raw,13
2026-08-25T04:47:48Z,aabb61e,main,memeq (2 calls),21
2026-08-25T04:47:48Z,aabb61e,main,strlen(52 chars),39
2026-08-25T04:47:48Z,aabb61e,main,memcpy(128 bytes),213
2026-08-25T04:47:48Z,aabb61e,main,memset(128 bytes),187
2026-08-25T04:47:48Z,aabb61e,main,epoll(new+add+close),8169
2026-08-25T04:47:48Z,aabb61e,main,epoll_wait(timeout=0),327
2026-08-25T04:47:48Z,aabb61e,main,event_token+flags,5
2026-08-25T04:47:48Z,aabb61e,main,timer_new+close,4600
2026-08-25T04:47:48Z,aabb61e,main,restart_queue_push,11
2026-08-25T04:47:48Z,aabb61e,main,restart_queue_has_miss8,159
2026-08-25T04:47:48Z,aabb61e,main,restart_queue_pop_due_empty,3
2026-08-25T04:47:48Z,aabb61e,main,klog_sim(3 writes),1053
2026-08-25T04:47:48Z,aabb61e,main,klog2_sim(4 writes),1420
2026-08-25T04:47:48Z,aabb61e,main,notify_status_value(2),22
2026-08-25T04:47:48Z,aabb61e,main,seccomp_from_profile,178
2026-08-25T04:47:48Z,aabb61e,main,sandbox(new+3 rules+count),135
2026-08-25T04:47:48Z,aabb61e,main,sandbox_from_ruleset(2 rules),3149
2026-08-25T04:47:48Z,aabb61e,main,set_no_new_privs,454
2026-08-25T04:47:48Z,aabb61e,main,drop_caps(non-root err),319
2026-08-25T04:47:48Z,aabb61e,main,secure_pre_exec(non-root),335
2026-08-25T04:47:48Z,aabb61e,main,hashmap(3 set+4 get/has),990
2026-08-25T04:47:48Z,aabb61e,main,alloc(4 sizes burst),38
2026-08-25T04:47:48Z,aabb61e,main,alloc(3)+reset+init,568
2026-08-25T04:47:48Z,aabb61e,main,security_context(new+4 get),86
2026-08-25T04:47:48Z,aabb61e,main,agent_config(new+get+set),122
2026-08-25T04:47:48Z,aabb61e,main,cgroup_limits(new+2set+2get),40
2026-08-25T04:47:48Z,aabb61e,main,resource_limits(new+3get),24
2026-08-25T04:47:48Z,aabb61e,main,capability_set(new+3push),225
2026-08-25T05:07:27Z,2df5ac0,main,getpid,296
2026-08-25T05:07:27Z,2df5ac0,main,getuid,293
2026-08-25T05:07:27Z,2df5ac0,main,is_root,305
2026-08-25T05:07:27Z,2df5ac0,main,classify_signal,3
2026-08-25T05:07:27Z,2df5ac0,main,is_handled_signal,8
2026-08-25T05:07:27Z,2df5ac0,main,sigset_new+add+has,23
2026-08-25T05:07:27Z,2df5ac0,main,epoll_event_new,13
2026-08-25T05:07:27Z,2df5ac0,main,timerspec_new,17
2026-08-25T05:07:27Z,2df5ac0,main,W* macros (4 calls),11
2026-08-25T05:07:27Z,2df5ac0,main,knotify_classify(READY),16
2026-08-25T05:07:27Z,2df5ac0,main,knotify_classify+value,52
2026-08-25T05:07:27Z,2df5ac0,main,cgroup_path,4
2026-08-25T05:07:27Z,2df5ac0,main,cgroup_file (best case, same pair),4
2026-08-25T05:07:27Z,2df5ac0,main,cgroup_file (5-file burst, per call),109
2026-08-25T05:07:27Z,2df5ac0,main,is_mounted(/proc),52
2026-08-25T05:07:27Z,2df5ac0,main,seccomp_build(5 syscalls),376
2026-08-25T05:07:27Z,2df5ac0,main,seccomp_basic_service+build,1719
2026-08-25T05:07:27Z,2df5ac0,main,sandbox_basic_service,217
2026-08-25T05:07:27Z,2df5ac0,main,str_builder(3 segments),298
2026-08-25T05:07:27Z,2df5ac0,main,str_builder(cstr+int mix),266
2026-08-25T05:07:27Z,2df5ac0,main,Ok+is_ok,14
2026-08-25T05:07:27Z,2df5ac0,main,Err+is_err_result,14
2026-08-25T05:07:27Z,2df5ac0,main,Some+is_some+unwrap,25
2026-08-25T05:07:27Z,2df5ac0,main,vec(push*3+get*2+len),76
2026-08-25T05:07:27Z,2df5ac0,main,mount_table_init,30
2026-08-25T05:07:27Z,2df5ac0,main,owned_fd_new+raw,13
2026-08-25T05:07:27Z,2df5ac0,main,memeq (2 calls),21
2026-08-25T05:07:27Z,2df5ac0,main,strlen(52 chars),39
2026-08-25T05:07:27Z,2df5ac0,main,memcpy(128 bytes),210
2026-08-25T05:07:27Z,2df5ac0,main,memset(128 bytes),185
2026-08-25T05:07:27Z,2df5ac0,main,epoll(new+add+close),8207
2026-08-25T05:07:27Z,2df5ac0,main,epoll_wait(timeout=0),324
2026-08-25T05:07:27Z,2df5ac0,main,event_token+flags,5
2026-08-25T05:07:27Z,2df5ac0,main,timer_new+close,4630
2026-08-25T05:07:27Z,2df5ac0,main,restart_queue_push,10
2026-08-25T05:07:27Z,2df5ac0,main,restart_queue_has_miss8,158
2026-08-25T05:07:27Z,2df5ac0,main,restart_queue_pop_due_empty,3
2026-08-25T05:07:27Z,2df5ac0,main,klog_sim(3 writes),1039
2026-08-25T05:07:27Z,2df5ac0,main,klog2_sim(4 writes),1406
2026-08-25T05:07:27Z,2df5ac0,main,notify_status_value(2),22
2026-08-25T05:07:27Z,2df5ac0,main,seccomp_from_profile,174
2026-08-25T05:07:27Z,2df5ac0,main,sandbox(new+3 rules+count),134
2026-08-25T05:07:27Z,2df5ac0,main,sandbox_from_ruleset(2 rules),3105
2026-08-25T05:07:27Z,2df5ac0,main,set_no_new_privs,466
2026-08-25T05:07:27Z,2df5ac0,main,drop_caps(non-root err),312
2026-08-25T05:07:27Z,2df5ac0,main,secure_pre_exec(non-root),325
2026-08-25T05:07:27Z,2df5ac0,main,hashmap(3 set+4 get/has),972
2026-08-25T05:07:27Z,2df5ac0,main,alloc(4 sizes burst),38
2026-08-25T05:07:27Z,2df5ac0,main,alloc(3)+reset+init,559
2026-08-25T05:07:27Z,2df5ac0,main,security_context(new+4 get),84
2026-08-25T05:07:27Z,2df5ac0,main,agent_config(new+get+set),119
2026-08-25T05:07:27Z,2df5ac0,main,cgroup_limits(new+2set+2get),39
2026-08-25T05:07:27Z,2df5ac0,main,resource_limits(new+3get),24
2026-08-25T05:07:27Z,2df5ac0,main,capability_set(new+3push),222
2026-08-25T05:15:49Z,98f45ef,main,getpid,292
2026-08-25T05:15:49Z,98f45ef,main,getuid,285
2026-08-25T05:15:49Z,98f45ef,main,is_root,299
2026-08-25T05:15:49Z,98f45ef,main,classify_signal,3
2026-08-25T05:15:49Z,98f45ef,main,is_handled_signal,8
2026-08-25T05:15:49Z,98f45ef,main,sigset_new+add+has,23
2026-08-25T05:15:49Z,98f45ef,main,epoll_event_new,13
2026-08-25T05:15:49Z,98f45ef,main,timerspec_new,17
2026-08-25T05:15:49Z,98f45ef,main,W* macros (4 calls),11
2026-08-25T05:15:49Z,98f45ef,main,knotify_classify(READY),16
2026-08-25T05:15:49Z,98f45ef,main,knotify_classify+value,52
2026-08-25T05:15:49Z,98f45ef,main,cgroup_path,3
2026-08-25T05:15:49Z,98f45ef,main,cgroup_file (best case, same pair),3
2026-08-25T05:15:49Z,98f45ef,main,cgroup_file (5-file burst, per call),109
2026-08-25T05:15:49Z,98f45ef,main,is_mounted(/proc),51
2026-08-25T05:15:49Z,98f45ef,main,seccomp_build(5 syscalls),378
2026-08-25T05:15:49Z,98f45ef,main,seccomp_basic_service+build,1729
2026-08-25T05:15:49Z,98f45ef,main,sandbox_basic_service,216
2026-08-25T05:15:49Z,98f45ef,main,str_builder(3 segments),295
2026-08-25T05:15:49Z,98f45ef,main,str_builder(cstr+int mix),263
2026-08-25T05:15:49Z,98f45ef,main,Ok+is_ok,14
2026-08-25T05:15:49Z,98f45ef,main,Err+is_err_result,14
2026-08-25T05:15:49Z,98f45ef,main,Some+is_some+unwrap,25
2026-08-25T05:15:49Z,98f45ef,main,vec(push*3+get*2+len),76
2026-08-25T05:15:49Z,98f45ef,main,mount_table_init,30
2026-08-25T05:15:49Z,98f45ef,main,owned_fd_new+raw,13
2026-08-25T05:15:49Z,98f45ef,main,memeq (2 calls),21
2026-08-25T05:15:49Z,98f45ef,main,strlen(52 chars),38
2026-08-25T05:15:49Z,98f45ef,main,memcpy(128 bytes),210
2026-08-25T05:15:49Z,98f45ef,main,memset(128 bytes),189
2026-08-25T05:15:49Z,98f45ef,main,epoll(new+add+close),7954
2026-08-25T05:15:49Z,98f45ef,main,epoll_wait(timeout=0),315
2026-08-25T05:15:49Z,98f45ef,main,event_token+flags,5
2026-08-25T05:15:49Z,98f45ef,main,timer_new+close,4550
2026-08-25T05:15:49Z,98f45ef,main,restart_queue_push,10
2026-08-25T05:15:49Z,98f45ef,main,restart_queue_has_miss8,155
2026-08-25T05:15:49Z,98f45ef,main,restart_queue_pop_due_empty,2
2026-08-25T05:15:49Z,98f45ef,main,klog_sim(3 writes),1026
2026-08-25T05:15:49Z,98f45ef,main,klog2_sim(4 writes),1378
2026-08-25T05:15:49Z,98f45ef,main,notify_status_value(2),21
2026-08-25T05:15:49Z,98f45ef,main,seccomp_from_profile,174
2026-08-25T05:15:49Z,98f45ef,main,sandbox(new+3 rules+count),134
2026-08-25T05:15:49Z,98f45ef,main,sandbox_from_ruleset(2 rules),3047
2026-08-25T05:15:49Z,98f45ef,main,set_no_new_privs,443
2026-08-25T05:15:49Z,98f45ef,main,drop_caps(non-root err),310
2026-08-25T05:15:49Z,98f45ef,main,secure_pre_exec(non-root),324
2026-08-25T05:15:49Z,98f45ef,main,hashmap(3 set+4 get/has),951
2026-08-25T05:15:49Z,98f45ef,main,alloc(4 sizes burst),38
2026-08-25T05:15:49Z,98f45ef,main,alloc(3)+reset+init,560
2026-08-25T05:15:49Z,98f45ef,main,security_context(new+4 get),84
2026-08-25T05:15:49Z,98f45ef,main,agent_config(new+get+set),120
2026-08-25T05:15:49Z,98f45ef,main,cgroup_limits(new+2set+2get),39
2026-08-25T05:15:49Z,98f45ef,main,resource_limits(new+3get),24
2026-08-25T05:15:49Z,98f45ef,main,capability_set(new+3push),222
